feat_0,feat_1,label
0.5476905344748606,-0.16905161677957847,0
0.13656798755613458,0.3201861652215413,0
-0.3037931626250104,-1.9837139492460083,0
1.2910259336634977,0.8322934798025068,1
-0.02031032507765901,0.685600894168233,0
-1.0721648807237139,0.5087127591698691,0
-0.870669261644476,2.3936874754654083,0
2.721286356943933,1.3034129460115333,1
2.932283333116328,3.118990656997601,1
2.1220903101659045,-1.5865051254517366,0
-0.0007364320950729028,-0.560111738735036,0
0.15284177422567208,-0.003092582341484581,0
0.08756899969680818,-0.6992217095174292,0
-0.011084918405793717,-1.1363740624804537,0
2.9370465397218304,2.732772484968113,1
1.0495296813591473,-0.14567116657466728,0
1.690090989203826,-0.16775100044595603,0
0.9174735822807254,3.0884026883690296,1
1.3195341210069969,1.8251866312499838,1
-2.160681037759999,0.5179147903114422,0
2.6005705303859794,0.4596333808125949,0
2.415083303010489,2.1857275308059014,1
1.2392676990803866,0.39938834181216054,0
0.07159161183097631,-1.3667852227658102,0
3.065295142634345,2.6244666972475628,1
-1.9739288693193324,0.19271541580139287,0
3.186823124188205,2.397117551142106,1
-0.11889945120476565,-0.2160282561882413,0
-1.2356899271018889,-0.617788369221769,0
0.8599824900653588,1.064476335408269,1
3.1796943959488653,0.9674687247957079,1
-0.4943141172721006,0.5609455870937791,0
0.8430600609134513,1.1439945715927977,1
1.2663685778959497,1.9409321256191499,1
2.0283180989289047,2.489226623484441,1
1.1083824626428394,1.1365154995670284,1
-0.961429380053489,-0.31759286128583264,0
1.4643133724965163,1.0878508358068704,0
-0.49366615921965784,0.23867126931360674,0
2.464082362337407,4.347537977844239,1
1.879549071165639,3.5206415078009474,1
2.436499109005555,3.147074232588132,1
1.240909540960153,0.542011607337388,0
0.38145430626178856,3.3646841378163312,1
0.12429591686151033,0.002517035531767296,0
2.1272326930605048,3.0850132747400227,1
-0.8174095178642008,2.0531332966768048,0
0.9527988074032951,2.3709701430537296,1
-0.41892180154705483,-0.19796106073767653,0
0.3980086257235213,0.8286650056636982,0
-0.56455573303582,0.5603247443487365,0
2.335349441195203,3.3876668488994532,1
1.4345072108111223,2.1709305811672053,1
1.1775406725133537,0.6964510303407443,0
-0.5185766836316286,-0.166734942280041,0
-0.3196964160834587,-1.4605449707871359,0
0.4550269010260997,-1.5315704490237916,0
2.462763134405502,1.9147397937763513,1
2.080911211791337,1.3528935800239983,1
2.636650450074613,-0.41182065317738514,1
2.154642396085803,2.4607572677019607,1
2.0435558842374326,2.3576550980577724,1
1.1192416130599734,2.5760201572288173,1
3.120718716717748,3.8891378141980715,1
-0.45409301432391835,1.8602289724269172,0
2.8543829101727987,2.8679798592771033,1
1.3503042768832683,0.7270959643017717,0
1.6194364850975604,1.3315506667362103,0
0.5602416619804452,0.41671543484676166,0
0.6559587749086296,-0.022473254879362903,0
-0.6846107307973984,-1.332485185581395,0
3.6593046003686722,1.092670832670271,1
0.38311923794221675,0.9892956602403054,0
2.656826531865723,1.6188281949882941,1
3.070737469581583,1.3653310685842106,1
0.9413566348494039,0.4604108246896712,0
-0.8247996271045096,0.24705970756842524,0
0.16676732971097571,0.14804895399193377,0
2.2555867495996607,1.0010491838564226,1
0.5550679825286875,-1.414099166387067,0
1.5308087803768589,-0.7719419411643614,0
3.062260369796754,0.49683433912891606,1
1.321448886318343,0.35294735711044045,1
0.7894253696264308,0.9594056288716323,0
0.9713655006676082,1.4866740339908913,0
2.261397009749919,2.3121467740638515,1
0.408941036352963,-0.7534164636683528,0
2.798461502863857,2.8480808437759606,1
1.2171346595407189,1.8019559064991018,1
-1.1742847489050832,-0.08322115738984699,0
1.2022722559510928,-0.8338210979527451,0
1.5135978614844179,-0.1373324562056295,1
1.432526090602523,2.0882842709404184,1
-0.8594410446013441,0.7269496839461427,0
3.2776622259482595,1.6456061596107987,1
1.034408832045039,2.0170555543805606,1
1.3862661462984658,2.6326066687387346,1
-0.4671212871275842,-0.9982733270737866,0
1.0041501419860985,2.368896019501904,1
-0.18415696240013069,-0.999662340728578,0
2.727377786114829,0.6756584664007197,1
0.5844035435897859,2.815626092338602,1
2.1681977490565716,2.9631974262864205,1
-0.38878388201948433,-1.1034203199862425,0
0.4715228940068419,0.027239471809209333,0
-0.5007583881515735,-1.2176556609061675,0
-1.3895942772578187,1.3117741026908207,0
3.523699784937146,2.31616306727779,1
2.8121386880017223,3.4773632233314187,1
-0.2977026503359356,0.08982752576051768,0
-0.703371907424122,-0.34413012644985386,0
2.5325146986906173,1.5597706424302071,1
0.8745620309894555,1.2478198980848145,1
1.198723785829234,0.4793955840731523,0
2.6630876468918845,1.1552243016243182,1
1.1550219406696245,2.2248941266965567,1
-0.776801504489509,-1.2769124249046777,0
0.5215072776469611,0.6053272238543014,0
-1.4032661863853833,-0.33711711783961323,0
-0.2819065803098465,0.4401906911928213,0
-2.425958534897746,-0.6607810804640697,0
1.8798637932527895,2.330884485224443,1
0.08129626795914922,-1.22114859004921,0
1.3616833793231669,2.5968151802244304,1
2.5836185103538085,4.054746154098154,1
-0.22543370834192072,-0.12223455787729134,0
0.9904586260946562,3.260882733462929,1
1.443238824101938,-2.4394665621120004,0
1.9669480107608062,1.6115048641893657,1
1.018300632127736,2.052948686091063,1
0.0644060314279069,-1.913778180327555,0
-0.1880790171315899,-0.2340202566055952,0
2.4257901975159433,1.5635932073426597,1
0.4210305853928191,0.981803890597194,0
2.6787150041595,1.7075942878051378,1
1.6379275219687754,1.3254405877551183,0
-0.2500405173754695,1.1308826895070496,0
0.7825348820361644,2.683866495840597,1
-0.059988177851134084,-0.37851776512584373,0
1.4842273432316615,1.69155306772607,1
1.9119711580250347,1.730310238302473,1
2.205637871025151,2.443393774440479,1
-0.4573476038280146,1.2625343910088425,0
-0.9410835252086491,-0.9986488831026901,0
0.17610248906976467,2.2596074713315413,1
1.3748951961018285,3.2270655640911396,1
3.7558752780651314,3.5606711728391796,1
0.24820679300357493,-0.8214961635384253,0
-1.1466671078380912,0.09662338088643116,0
1.7232465178189766,1.2044825347375676,1
-0.6436167401936028,-2.009882358537507,0
-0.7465540964922576,-0.25461771765111285,0
-0.24586061369311674,0.8586904116821281,1
1.0235967066697302,1.9956520534430506,1
-1.3237345474688262,-0.5422303746953457,0
1.293086049767967,2.614025355783156,1
0.7331544832795527,1.1274526802554865,0
0.5414040290039426,-0.967532638706265,0
1.463502519544625,3.2045996492113282,1
4.22623659595656,1.696355840838178,1
1.4213150602835225,2.403007802587564,1
0.6454656061972437,-0.12026771555533164,0
1.2034442817345763,-2.3166665001895015,0
-1.2104043378081943,0.3373877285247646,0
0.9293860976206438,1.1978501241990815,1
0.5767045978802057,-1.2117626997376802,0
0.04146397110070077,3.5540289152111204,1
2.1411377838861694,1.6735422101349884,1
-0.5251095643378363,-0.19138765713941033,0
2.5404547903967813,1.1426579375647539,1
3.523003895232993,3.1847950938734924,1
1.038614939303454,1.7352017461027263,1
-0.2826729012419432,0.5240398143573946,0
-0.016552557120864484,-0.7977089241172108,0
3.3471706219793083,1.6926463940734697,1
1.605808316103977,2.927156616772917,1
1.31755875586552,0.39831514876707996,1
2.0875173560043025,4.421382738662827,1
-0.795470630449612,0.8622884526953725,0
2.7387420080370637,0.15308873991906724,1
1.1238158619492449,2.6395965494698075,1
-0.43399635662690644,-0.5165341961401488,0
-1.2176466400565573,-0.5132226117576689,0
-0.008994936984577429,1.680129694661191,1
-0.6638808468033742,-0.20784236215321272,0
-0.3277498733417846,0.6014914164175322,0
0.8574246462000984,0.55322217483158,0
-1.4308878308623825,-1.567565050208516,0
-0.5580205386377861,0.5156863391364178,0
2.3077318223240693,0.9251729238779698,1
0.16885456663849843,-1.083259049468264,0
2.4953930049308775,1.389141643022978,1
0.8507564803084156,2.137138784822674,1
3.6371925801891467,0.6263083093505597,1
1.6438634463449477,0.7267088129003374,0
0.17832195300862574,0.730124638896879,1
3.0911245685885467,2.6864252750513917,1
2.973278222234103,3.116854425327292,1
-0.8149732554000322,-1.3342584664194235,0
1.3883749870917177,-1.0868369141324548,0
0.47957494010100565,1.3326919786450113,1
0.840085726611193,-0.5507685606437461,0
2.6414207487911026,1.2605017621203745,1
2.598535100220329,0.5672648604840425,1
-1.2724469543363952,0.8366945068398025,0
1.8524962673494856,2.9248736564159814,1
-0.35297769205916935,1.4631411500292726,0
1.5094824461282006,-1.2568040182688431,0
-0.34433636495328607,0.3609801270177851,0
1.094047910722196,2.0760484811310884,1
2.6123436969570224,1.184438671562053,1
3.9273950724337734,3.0314948540772293,1
-0.8385312928852141,1.6376706360891586,0
1.4425783441577176,0.5680600682957352,0
0.09907848060972133,0.08958266355809555,0
-0.41283351138578817,0.45772632723671164,0
-0.9000414002495095,-0.7333146632222459,0
-0.8739396163775202,0.9241954762550556,0
1.3476358898954177,2.9123406455154233,1
2.0728664456705745,2.5425188778567294,1
-1.0668501268914428,1.8936117984495882,0
-1.637580455906974,-0.9439838597059038,0
1.1775168971174172,1.9959004422720674,1
2.289686894970375,-0.24360366599160502,0
1.4191914782411166,0.38673248164859575,1
3.424229947771757,2.4904634946231496,1
-0.9129768727222376,0.029435098224759152,0
2.5361901792872947,1.5686236340250501,1
0.4284425421607312,0.5245007783088774,0
-1.3602668308609989,-0.6724176834782394,0
2.710967950849784,1.355741465795629,1
1.0130959276731195,-0.4941930457137613,0
2.1867308031656822,0.3818714315402154,1
0.33957412847130075,-0.6008625678462954,0
0.26316396121824237,-0.6256929071515462,0
-0.33532254639545783,-0.2161569173747203,0
-0.13281621787337658,-1.1411505295392672,0
3.4704393413005974,3.3707034991012854,1
3.266650301968533,1.7395591245006432,1
3.071292987570442,1.8751844883528759,1
-0.5773074443735822,1.1969580501865058,1
-0.5245903773371766,-0.12132075035071127,0
1.6215593056700148,0.6769478277994619,0
2.273995548384674,2.5454617959778316,1
2.4972308089911177,2.1634438907473523,1
0.9321466847876223,-1.292276097162842,0
-1.1784014358221089,-1.5200324584692053,0
2.1089836529900783,1.408087173471152,1
2.889004658892998,-0.02594862226438943,0
3.0367098613849173,2.5024691731102005,1
0.6757934544070648,-1.0865787562809788,0
3.1780186420705085,1.414386460999633,1
4.923837135125641,2.0369382817877306,1
0.6797536483804743,1.3989598716657166,1
-0.5203269965296415,0.8343931008122296,0
-0.9805052679811842,-0.8023437633689099,0
1.871759932274696,2.0631968510967154,1
-1.2627768420758487,-2.2023836128825245,0
1.9026914778199238,1.605070563671131,1
0.024878888997345472,1.0892291539283216,1
0.7799139869404971,1.366242125705417,0
1.848566688416131,1.3854752147650393,1
-0.48748043640241573,-1.2786054661624309,0
-0.5757833328231313,0.2199096751679608,0
3.244035871041577,3.0054397698202573,1
-0.5868784413229283,-0.0994296520285349,0
0.9188814822645989,0.7279168143898338,0
0.34474829943090257,1.5605864338153075,1
-1.0721229970482626,0.3304879520036395,0
2.405108471963352,1.9308736756513287,1
0.6320106160764178,0.8097330860257775,0
1.005673466393155,1.5393984698151026,1
1.2629719308512661,-0.7340025923197144,0
1.1927207636486754,2.9900324465585273,1
0.7615914521168548,-0.5007026194498563,1
1.0292322251229562,2.8034355469258427,1
-0.46203579508121967,1.3463685512017414,0
0.2986239966227059,-0.3413664889759778,0
2.809192668976009,-0.07777416264522899,0
1.4228357432004213,4.685933093323307,1
2.494550332875329,2.028815181132302,1
0.7072337494959768,3.1680323484219834,1
1.8166374946597663,0.7681569543742777,1
0.47228228513994536,1.3591571200982968,0
-1.0734714499291318,-1.7789189267506127,0
0.39415253679176465,3.801084537745204,1
1.3227730873030206,3.3569415483368408,1
0.7766405675883357,2.909819873591677,1
3.0679148875758737,2.3205652570964093,1
0.35682450889852735,1.7985441513633202,0
0.9686937898349335,2.1282286729009394,1
0.22828147070749175,0.5499122929167231,0
-0.34714260850989626,0.5215988835807561,0
1.0838852527056633,-0.49181318374003125,0
2.60915289649548,2.109638659874492,1
1.0311812670785554,2.385873568637683,1
2.7606108274541916,1.074465337952216,1
-0.7466676420609966,-0.3244648693318839,0
0.3706007958660408,-0.21306223651665832,0
3.8670340632003093,1.408265151850952,1
1.7282144603702618,2.0278160720969627,1
1.4513758975353306,1.382207113806844,1
3.588582276531284,2.7109514809195607,1
-0.24510904724434077,-0.667575321733677,0
-0.04206109814626883,2.377082906856398,0
0.38285199447562074,-1.6108370966743801,0
1.9146664311758739,0.7947905435074207,0
-0.4534802964554604,0.5424540529040879,0
1.4405365286555403,0.7829737166312741,0
-1.2397655639074998,-0.9592242291394066,0
-1.1394689040978578,-0.9774019575961058,0
3.845852249093487,1.567894791420909,1
1.1375825432933198,0.7366232236143925,0
1.6287637471410177,0.9385923102910477,0
-1.562035653596052,1.2793814880447787,0
-0.916334471634118,-0.9150961597380529,0
-0.8601380518794729,0.7642475263954271,0
1.6837256650436043,1.7347309102204194,1
2.7956286817880844,1.5067235611823608,0
-1.6339409375349985,-0.8732670915981436,0
3.2716307307956507,0.8349652140749722,1
0.9048075682763852,4.405245229381148,1
-0.12426343441774224,3.3431904714042586,1
-0.6117164624487065,-0.3549695859667624,0
1.8983751214987872,0.04107198259362277,1
0.45348004997919494,-0.31603822768191775,0
2.4274041190429765,1.1225852336524582,1
1.5192954094636044,1.5039994740749758,1
2.4915375625732317,2.7975222052926805,1
1.3751217522855153,1.370569087236047,1
0.2897303590269886,1.0968539901119942,0
1.552927940713436,2.3912410007155906,1
2.586459767076552,0.3762893644177052,1
0.026844868257273103,-0.8094427946994446,0
-1.5189926327879877,-0.31688014575006757,0
3.721924764699082,2.3988491697992345,1
0.03756485913205159,-0.13431946482865556,0
0.6059723253586035,-1.8998524445609428,0
-0.06262285893552288,2.6194942872592883,1
0.12314485917836916,1.744655140926438,0
0.5231690980093853,2.0606999025954194,1
3.589486705254,1.9980050823543711,1
1.8109754822627777,1.8310076292397859,1
-0.33753209921275573,-0.5973120678735625,0
3.1214618567629993,1.034554685735806,1
1.3929798946748684,-0.33742407445078787,0
0.005485497586037447,2.014662058420407,1
1.017364643524106,1.5299573922772602,0
-0.9431285071897054,-0.605057353284661,0
-0.35924820383599204,2.069199290367644,0
0.3021020328897187,-0.4603178773028616,0
1.6790353237220204,-0.24048624913972594,1
-1.318923207521098,0.4873368180859632,0
-0.21116504829531918,-0.1089549228955866,0
2.053609725393852,0.5610264122420381,1
0.39930656510098156,0.22550288233343646,0
-0.3373624658850974,1.8943520151670123,0
0.9442045066338847,1.8894140045225585,1
1.7097374924899222,0.7491046908474266,1
2.1916757928597796,3.205625588952188,1
3.1371479021901933,3.693174540335221,1
-0.5856375050833745,-0.2600256006117824,0
2.649438253343371,4.0754042393384315,1
1.4736470237953427,2.026586013969254,1
2.6002698994228606,1.8657558458732093,1
2.6109202585747457,2.1301151901423543,1
-0.21762660162935593,-0.1627843830174768,0
1.1547759611560462,0.8307948104475207,1
0.11199755592927023,-0.38928365331204423,0
-0.7032194412125291,0.02395935990113044,0
0.3923219963164238,0.9930373695230412,0
0.8484095310897848,0.48664662005614123,0
2.5101009535477674,2.6798070760149484,1
1.4751168878553251,2.9720693374691955,1
1.397850768756244,3.9872429064731536,1
1.234260012222302,3.1071621431943472,1
0.8904462047054147,0.6160377260144658,1
0.5586556537791871,-3.3244880245574717,0
-1.4013012301834533,0.5656078640347053,0
0.6623608726677983,2.8636134040723715,1
0.7625872395957565,0.061211843455923114,0
2.77506447603179,3.169222899424968,1
1.791266526884125,-1.922510907808847,0
-0.4376704051728124,1.470222710394141,1
0.20697309061746746,1.5205788402896134,0
0.8431389977976613,-0.39651015701456216,0
-0.6523478494012156,-0.5917603712488878,0
2.6898296578257646,1.664244593422537,1
-0.3331822783817841,0.32757006626346447,0
-0.8706017997473967,-0.026262859758071605,0
2.0768584314985508,2.1429915330492735,1
2.2497999778188453,1.1374677444480539,1
2.5679759655708843,1.2773868140829598,1
2.950425652779436,2.6077479893510334,1
2.4871174476300473,3.104411720488903,1
-1.4906155464110407,0.7695528137143863,0
2.2918789324078896,2.3313830693752484,1
1.244137550231301,3.4185211375405666,1
1.0323544583899493,0.9649294345200794,0
-0.07319942316633204,-1.5255883964678234,0
0.9780084788359206,-0.33116451883203335,0
0.843053169101877,1.2128226444510977,1
3.746696898603606,1.1851159153578181,1
2.296728484647078,1.7204708658393428,1
2.3975952736611426,0.629502376891429,1
1.190611587866461,1.751304085541105,1
0.7237420588416048,-0.9366149526453033,0
0.9393855074320885,2.006006101086984,1
1.1204609051450767,-0.2923023205906805,1
-0.9778859360215936,0.18567677272497565,0
-1.7699732316972216,-0.07079172828714411,0
0.10343967274111576,1.7348292370979053,1
1.2916060173126205,0.7262435441773851,1
0.31905875852415616,-1.229591156940213,0
2.490570200297973,-0.21514646666459747,1
0.11573101827916266,-0.08476689917337622,0
1.8272459498332667,1.3243177708066196,1
1.7880535136724982,0.7284086159716453,0
2.1177360561425465,1.9924079171242464,1
1.7783681759438084,2.157769755118047,1
3.345587476345523,2.1646027437970954,1
-1.257925881381766,-0.42799379847253116,0
0.837206110318461,0.009137929376791675,0
0.25087778424669815,-0.9945445696214663,0
-0.5687543009722623,1.7095268416374214,0
-2.0309684864598525,-0.12611019837350412,0
1.3963930739954762,2.3475903269242147,1
2.2928442003013805,0.7100334136961601,0
1.336503805250539,-2.6152513430644317,0
-0.6622487187232696,1.701480842610062,0
0.1279091897244139,0.9028869553016189,0
-2.147079242090357,0.774396737855435,0
0.09074231251439933,1.2538787516085954,0
2.5763678290896856,-0.5783587077725608,0
0.5904910478770817,1.9904619247584692,1
0.6684814484517752,3.210886706585404,1
0.3779323233145647,0.3830176100609369,0
0.9242484894367394,-0.20455725760539736,0
1.271722077386471,1.3459888521831864,1
-0.25034834670197886,1.8010413537562353,0
1.634810325859961,0.25483563659756153,0
2.574335214823379,1.6787046720298293,1
-1.2032114621511958,0.5524960072304839,0
2.091114006333759,3.5194289657051683,1
1.601977201275005,-0.8297843482811438,0
3.1844200678801107,2.2982863482615774,1
0.06866197083488887,0.881900756261288,0
1.803184761143584,0.4038957129776022,1
1.0479519913316713,0.6470848870392908,0
-0.5735763249394753,-0.46128642609211756,0
-0.43282147639939744,0.9537759677828381,0
3.710458732900127,1.9658893625228633,1
-0.17221520449836145,0.7140402806931934,0
2.758551148259088,2.2231654551289917,1
1.843822779826287,1.3047297835324707,1
2.058637024391367,1.3546931553767343,1
1.3925655352718058,0.6076707189562309,1
0.9930634608973852,1.2822985239065512,0
-1.7171654665471472,-1.3966057407376058,0
-1.0796183713143215,-0.34722253391960956,0
1.3187821860204592,1.370898696844637,1
1.23916534188097,3.63226261689209,1
0.07846415451496189,0.7781844333606358,0
3.272103720606632,2.124840360913056,1
-1.3777485064261688,-1.2023193626698307,0
0.9735461019684056,-2.3070832073184797,0
-0.7797062057817266,0.5773286720886317,0
0.5485714146969587,-0.5688540183379293,0
2.020489992760861,2.5009860511936646,1
0.47642717007489366,3.1290429127543593,1
1.7966646931378971,1.276750396162344,1
3.461332828359419,2.2825423735241093,1
1.6231634373799422,3.3492641751864385,1
-1.1823281019424758,0.17209464921699422,0
2.87566953169255,1.354359676952554,1
0.702292981005586,1.134348873522369,1
0.47867500470016755,-0.5658953830331312,0
3.5339163847674344,1.883969364248811,1
1.315812726569081,0.3017107145028912,1
2.725415577376948,1.826350310613149,1
-0.30665484822876543,-0.27027805139535355,0
-0.1044405308067688,1.1463106671845764,0
0.19474205609052597,-0.03910850285007171,0
1.8617095205864747,0.5805837124813864,1
-0.349224825392247,0.9638307788867044,1
0.0005540017248097939,1.646086663325585,1
-0.9176116035604076,0.42578573313414303,0
-0.3182372471709795,-0.23628693374559565,0
0.9407981941794219,2.098126601083888,1
1.826711371645093,-1.0574733389832316,0
0.21605915953712443,0.6697355574442145,0
0.6968420602395774,-1.9056260793103446,0
2.1491230482505395,2.325029726171027,1
0.4012702140355785,-0.32745033124058787,0
2.3151314250856982,0.47972419074203376,1
-0.26347694865213284,1.7581874674673252,0
1.589160401741962,0.6488817893127226,1
2.3143467021469974,-0.07035475144970026,0
1.7438218134336019,2.6938151372519012,1
1.3862232545300266,-1.117092227427721,0
-1.1325917483917933,-1.0810368507584387,0
2.3140820693302637,2.8396428691607696,1
-0.8423845210331597,0.6038194447441025,0
0.5265862315939193,0.709039227696624,0
0.24432967497594604,-0.4376541971912199,0
0.5600100633692778,-0.5955546841317415,0
0.10448088344751946,-0.1349103344461288,0
-0.41703084770736587,-0.8614226301495309,0
0.1625978610860484,0.9555334352849961,0
0.8371899865157632,-1.1215784457061504,0
1.5208133354062343,2.5652293543654303,1
3.1262784079477877,2.206548269762876,1
-2.6837847233946306,0.45510137356962327,0
2.2250543238696014,1.5583680178157688,0
3.0250724490643384,1.592291460941055,1
2.496417813305642,3.341155100349088,1
2.3393659682950245,2.72610236981385,1
0.4232183833189917,-1.8435554184159213,0
1.0397223224404037,0.7807385228100062,0
-0.1740414458625957,-1.556683079925254,0
2.8286982792888593,1.8760494765409408,1
1.5534797734175791,0.49660563639686206,1
2.4625507356731324,2.3622405465237795,1
0.44030430971785683,0.8362648533409942,0
2.988238431501959,2.577662008019977,1
1.4219600623519155,0.16494963620369973,1
-0.20667655151115188,-1.3804883197668156,0
1.5614627011768494,-0.2088834945401951,0
3.473564440644048,2.192193224275933,1
-1.2055679516744833,-0.09954238268427637,0
1.7964716109363297,2.6447892504690342,1
0.3196249249794947,2.396806520488796,1
0.37072849697370064,0.472189651684152,0
1.8950449079397909,2.0814213333774743,1
2.8302034697221314,2.1735622336115874,1
3.635665211375273,1.2490383702107057,1
1.385591666645473,1.2284338704505267,1
0.20018160165627424,-0.8570946899436894,0
4.114676697536347,3.3138476191686723,1
2.526350831652781,0.9604509167729647,1
-0.9793500048968303,-0.493959468123672,0
1.7654047667527617,2.8351413147015707,1
-1.6714129926820849,1.5398016224105027,0
0.8422293682828081,4.003235167849555,1
1.3918057302697,2.1219084931578296,1
2.5712627700942576,2.059345873028355,1
-0.032479521201819656,-1.3196680150793225,0
3.304331756744264,2.0740215862210967,1
0.7424662575988855,-0.22415475710906907,0
2.446615803465674,2.788263556250946,1
1.090932151776591,-0.1368533818691903,0
0.8504059718556249,-1.3380615431225686,0
-0.7784237330909253,-0.569807688344613,0
0.3398471754964001,1.266512313454957,1
-0.8389911649571837,-0.2185580428821045,0
1.5250183787125486,0.5752128212834524,1
-0.3205185698020259,0.595185448903344,0
2.683342389622892,1.3105595237724623,1
1.921241631261647,1.6275548842044882,1
4.168126438699827,0.6689322376835312,1
0.15256256969303994,3.1622972281328723,1
-1.3683209561629825,1.1511521535396434,0
-0.8673768893044659,0.12938145013108504,0
3.498495453042234,2.8058397358873552,1
2.981100352825681,2.7767036517906747,1
-1.4268780881670078,-0.8465999489981324,0
0.5577687368216392,-0.915284032927911,0
-0.8150946717020897,1.1363331432701602,0
-1.343420487729903,-0.2573400147875072,0
1.9293661558327617,2.1309837503692792,1
2.694069137378068,2.8376610273953022,1
-1.1739562752161437,-1.0170726657888116,0
0.8324589046063375,0.9752237286369516,1
3.187476311542134,2.2779928779204712,1
-2.477259870811205,-0.34407806884571257,0
2.9808349355709383,0.5552694472392024,1
-0.5298866159849833,1.9409288571753422,1
2.178112224965654,0.7909795015205838,1
1.5784914857912469,-1.1020190499540632,0
2.093855635111576,2.2125602968354734,1
2.536925061890873,3.266559595180209,1
1.200894653061876,-0.9381210644601448,0
1.2691356766680453,1.6617796620890677,1
2.7617520885343647,3.759997405521654,1
-1.045117679432103,0.11009412414246494,0
2.503299110101282,2.7584075474651115,1
0.0948055995490768,0.45418894574675805,0
0.8963591822797227,0.04970596219270495,0
2.4556973589390045,1.1456091663059675,1
-2.1917211272914923,0.44370894215384477,0
-1.0645083994780906,0.2617596535180045,0
0.7335278011834946,-0.9456936305111886,0
-0.3359416302801666,0.9359005745257464,0
-0.33923195940069895,-0.27735114688957685,0
2.4432835234151424,1.5540120346323443,1
0.6810746570352544,0.18177808956479566,0
1.4348982934220205,-0.40271978892380156,0
2.652876656849494,2.216845447908506,1
0.2800522826194336,2.854139268639344,1
2.1023828378516294,2.7816979647619626,1
0.052785771287472895,0.315760870297042,0
2.793473588514223,0.7200908228886271,1
1.6565457089753637,0.46232804736756156,0
3.5865751095850937,1.5024571498793675,1
1.6872947232538706,1.3988289177397872,1
2.5680533932557568,0.6937951591649727,1
-0.12205233387076338,0.6504556127976514,0
-0.2732179582026501,0.3563957834882425,0
0.3232567195272975,4.513289938357472,1
3.0519328879536003,2.401866551760317,1
-2.1750813926191452,0.8147887112535523,0
2.10255691243924,3.2991475232610323,1
3.013385965770115,2.091669259684213,1
-0.5956086995068199,0.7998177220968764,0
-2.016936934044745,-0.09225845486706409,0
0.6823729658208955,1.2320381227715047,1
1.1077324997450377,1.3582783320191316,1
2.0658932829537013,3.0092693539435142,1
-0.8020356853056771,0.8047852304251122,0
0.5068187685275254,2.604587592214994,1
2.2792876319780953,3.0905041912302873,1
2.11690629619032,2.804814911347299,1
0.9985438309855899,-0.26816449090364586,0
-0.8250147644919709,-0.23255401148678098,0
-0.14926865237192344,-0.1510697242914881,0
3.1109704487311705,3.1310139911592776,1
3.1126900177384194,2.2131991718482733,1
-1.2792017310981,0.37139279948819715,0
0.3313372785014174,-1.401377808242093,0
2.3339223685422175,2.1980884435857937,1
-0.3261476216368985,-0.5629119481939447,0
-0.341842763746428,0.002831001440317228,0
-0.8397908574263082,1.9451035199018796,0
3.2879529467398054,2.9638474730079984,1
-0.6968213327516651,-0.3860403019731299,0
-0.37392156480016064,-1.6565387882215545,0
2.5053123518883904,2.063187039924026,1
0.3659658202275369,1.7876015836257135,1
-1.0526325946966966,-2.3502128661424,0
-0.31063073259151325,-0.8233498040910948,0
2.026332447791271,0.48176406194421073,1
-2.737466345968445,1.0297016320069001,0
-1.0352077485713183,-0.06738151518883982,0
1.6524909304404565,4.260324417196756,1
1.759918217833128,3.218022268486211,1
2.4970344315291646,3.0369815833143425,1
0.20365666263473936,1.9673593083972594,0
1.9042321796126525,1.5604739094530742,1
1.7799967385756483,0.44521253063832733,0
0.8285880185705359,1.5384189050806643,1
0.27265237769387257,0.3676367680859731,0
-0.635720405161099,-0.7719507704391841,0
-0.1275834141668103,-1.3009791978755858,0
-0.36578703316050254,-0.6412194059217109,0
1.5898601819664993,0.8549809720177035,0
0.4601559410744376,-1.0044127286739661,0
1.8458132030194636,1.4351910332438036,1
1.4828573804828677,1.8694598809700143,0
2.92158668672045,3.5010183307343974,1
1.3902483849809655,1.3910230420823664,1
2.264983045333205,2.63592899185919,1
0.0950596891724977,0.7741019943924263,0
1.6607041980805675,1.3337695079414114,1
-0.9883147509978817,-0.2648010516725286,0
2.94370227596738,3.410698085421917,1
-0.566831495042612,-0.31777849599879243,0
2.1054262578085146,1.5176946608775024,1
0.817715758023164,2.0799818382842035,1
2.231404875394831,1.3727929476526182,1
-1.0669563086746094,-0.9183915708019138,0
2.832650292922588,2.1070698568919117,1
0.6571760455019056,1.0066877598958164,0
1.6831390966846453,-0.19282703179405244,0
0.03587464254709396,0.22671428318888415,0
2.068668345887121,2.6934957388623895,1
1.7519929521917503,2.443154846860731,1
-0.7328464670251579,0.48714175757829853,0
2.1997609186513607,1.5413342657555786,1
1.9476609026664202,2.36371989971531,1
-0.8057233759744565,0.0446989084738931,0
-1.464149241289555,-1.2993205033666912,0
0.8632919901751597,-0.7469799900594768,0
0.6135883203498207,2.81438482665158,1
0.505341715991884,0.3121531137079578,0
1.7429426271834063,1.7615357323834695,1
1.9425983683712746,2.235687940249929,1
0.3308534755023132,1.3849266435485783,0
-0.5385791637878596,0.9226679269171344,0
2.5425280151186924,3.3600962447306095,1
-0.5671591672845845,1.5804768316339992,0
1.0540649923635663,0.3822065051421586,1
-0.43229619571519295,-0.42364080560195794,0
1.6998040926193807,2.2923843849220504,1
-1.4133842300963344,-1.4261156555736747,0
-0.056948340872023134,0.43823128156888747,0
-0.11313844913414209,1.448628047094046,0
3.9181326567308528,2.6043633374765314,1
0.643702434008165,2.09080866382817,1
3.160120347326489,0.9161056168671791,1
2.443327572014203,2.784295984695298,1
2.2978358072069076,1.7915281817749007,1
0.8714817377003176,0.18598439114738183,0
-0.6673437317477173,0.9655528503246756,0
2.6752322561549873,3.162312157809237,1
0.12548475179107318,-0.1544702293713701,0
0.7265235068563339,-0.818790565917864,0
-0.06358655563459512,1.085037132167408,0
1.3636145715176402,3.5245024223514094,1
1.0558915248629428,-0.858190023963006,0
-0.6358992308561884,-0.6013861951614902,0
2.567197826704967,3.507580139832627,1
2.1183789756740983,3.91157382853672,1
2.0214320935806507,1.3592054284720758,1
-0.18954509889790425,-0.32635248461944116,0
2.842310434045783,1.5815146615517968,1
-1.5123317543425985,2.0909970004390788,0
1.3013102021664058,-0.44389488996293985,0
2.869225257128596,2.184005119766227,1
2.3848020974525506,0.7441909275331084,1
0.5780755570401666,-0.2049698384189215,0
1.9839110525424484,2.505531289950734,1
1.9938604738896142,2.545031856619783,1
0.037901212212790907,0.8975485154572564,0
-1.8521208155124427,-1.2471751611787667,0
2.4450383145591585,1.9144603730543386,1
-0.5417366667778234,-1.7215543485034486,0
0.33052990129030385,0.006537440610643976,0
2.959101491029774,2.8071884151376953,1
0.7639002054243242,2.7069758279739724,1
3.138657842425375,3.2431442301327458,1
3.8367352282634943,0.9984308551750032,1
0.7182735052819899,0.01984893363463807,0
-0.520060523239058,-1.5966603547913496,0
2.556312789174402,2.100954409042609,1
-0.006228509991187702,-0.13888595205770407,0
3.598450239809506,2.2304531569853485,1
-0.12104742461621733,-0.936071488171498,0
1.8648199644661785,0.7618249248080691,1
1.5039614628971731,-0.7064841745679457,0
0.4273573497282621,-1.3339986075693737,0
0.14612680638458864,1.2897702370140027,1
0.8048803265251148,0.964693624194094,1
3.253023705847694,1.4653880264514083,1
1.393167138841036,2.2639731382380504,1
0.21000427630448215,-0.6785160496113418,0
-0.3147634800022129,0.7366077735497739,0
-0.036406115396227026,-0.5690188478088234,0
2.4523335056721454,2.857917350809047,1
1.4312040065317198,2.454094025585867,1
0.9286469420001857,2.6540072214802066,1
-0.697843334280365,0.6805886230227296,0
2.6063750768063256,1.509781604857396,1
-0.9986732036208792,-2.312216510315444,0
1.25013071299438,1.0929903077592562,1
0.431805290130298,-0.1408039499091251,0
1.0209974699058844,2.461265408859319,1
2.427716349990131,1.748249945005139,1
3.05301538310552,3.7381334109772375,1
-0.65739566348587,-0.7580265405327813,0
2.4591775112693015,2.2863940210128844,1
1.1696370055377991,2.603992337992656,1
0.5507687995984278,3.0481051217026662,1
0.3312643198634558,1.7163557126424036,0
0.6966370739035753,-0.17208208625262977,0
-0.82176531307993,-0.734793490823042,0
5.933544593833659,2.441213922702847,1
1.0654455935160252,0.7349020839009548,1
0.19370251450934733,0.7104481077264612,0
0.5107434167456957,-0.8472289531965644,0
1.7673198186095933,0.04849668284989672,1
-1.4160367815495567,-0.15880096346933462,0
1.3200719395607066,0.5108516080477707,1
-0.36302417426629346,0.12230080322490561,0
2.16099901507282,-1.1181654228764903,0
-1.4914931884078544,-0.02592049489134435,0
-1.0096630684084402,-0.17973991811993106,0
-0.28014127630834584,-0.7634064895287707,0
0.32482673644722704,1.4836012929781879,0
1.8368634966867319,2.3559298345311777,1
0.6431000709919351,-1.2108522323928324,0
-1.518192031280686,0.29591090509022566,0
-0.913330162051545,-1.4159366146374364,0
-0.4055564684227909,-0.8393813587655199,0
2.5189481586257396,2.1192063669381875,1
0.38631019488045015,1.199580276496657,1
-0.0370765532703512,1.8921927563241938,1
1.1724104181454478,3.3056888635306443,1
1.5116870256167914,-0.0925711196811173,0
2.4415059941308286,2.856027577330711,1
3.516244697226286,1.7415954302591499,1
2.1845877420304456,2.5819658945800033,1
-0.05211777602190905,1.9488844633097133,0
1.9417715987477013,-0.01025312193231497,0
0.7904161490031489,2.17920745897504,1
1.7127530017006296,1.9865295347903618,1
-1.50911768112005,0.6487878561827574,0
2.4638370197109896,1.2418209180578577,1
2.647281702696042,2.4721361603540712,1
0.2712652067163991,-0.2858959765951786,0
0.4437793026142308,0.7484468127127002,0
-1.2925725642421682,-0.901033696546074,0
4.078813106957664,2.578503208499662,1
2.2086728080844216,0.8174663213566926,1
2.799143513332762,2.62496556774391,1
1.8075505146502149,2.7429512229802944,1
1.0234911973772285,0.8530937355783026,1
1.3656072686513148,2.280007260555131,1
1.1088429826526307,0.6143545542571153,0
2.5541418947031085,0.5736243751359771,1
1.4997790955703783,0.6948577092409081,1
0.6063072098582972,-1.6651129377880907,0
0.2920325381418656,-1.4485973502876797,0
1.0824387092364036,-0.5471994207398541,0
0.4702211406370663,0.16261683500549728,0
2.1321345290253952,0.4637679558293202,1
0.9135970873686334,2.380836978820005,0
4.2905150911489915,2.9935463898253927,1
-0.19920998897322784,1.3167916741085968,0
-1.1869807435252748,-0.13815065429153323,0
0.9517861296381382,2.6912519927634455,1
0.864853025201269,-0.7361321533308273,0
1.5841045131595999,2.052025553717062,1
2.5799040604639973,-0.1834419861182404,0
1.1087435255722518,0.08016782905667347,0
0.22699501974267625,0.6626619743233194,0
1.066972050216721,2.3301411670457317,1
2.4851649450639237,4.177312229105045,1
2.4965164072141683,1.8727036194388578,1
0.6950461475805807,-0.5668420305953213,0
-0.19183091520509507,2.3886802456202108,0
